level,kode_lengkap,nama_item,,,,,,,,,,,,,,,,,,,,,,,
1,1,ASET,,,,,,,,,,,,,,,,,,,,,,,
2,1.1,ASET LANCAR,,,,,,,,,,,,,,,,,,,,,,,
3,1.1.7,PERSEDIAAN,,,,,,,,,,,,,,,,,,,,,,,
4,1.1.7.01,BARANG PAKAI HABIS,,,,,,,,,,,,,,,,,,,,,,,
5,1.1.7.01.01,BAHAN,,,,,,,,,,,,,,,,,,,,,,,
6,1.1.7.01.01.01,BAHAN BANGUNAN DAN KONSTRUKSI,,,,,,,,,,,,,,,,,,,,,,,
6,1.1.7.01.01.02,BAHAN KIMIA,,,,,,,,,,,,,,,,,,,,,,,
6,1.1.7.01.01.03,BAHAN PELEDAK,,,,,,,,,,,,,,,,,,,,,,,
6,1.1.7.01.01.04,BAHAN BAKAR DAN PELUMAS,,,,,,,,,,,,,,,,,,,,,,,
6,1.1.7.01.01.05,BAHAN BAKU,,,,,,,,,,,,,,,,,,,,,,,
6,1.1.7.01.01.06,BAHAN KIMIA NUKLIR,,,,,,,,,,,,,,,,,,,,,,,
6,1.1.7.01.01.07,BARANG DALAM PROSES,,,,,,,,,,,,,,,,,,,,,,,
6,1.1.7.01.01.08,BAHAN/BIBIT TANAMAN,,,,,,,,,,,,,,,,,,,,,,,
6,1.1.7.01.01.09,ISI TABUNG PEMADAM KEBAKARAN,,,,,,,,,,,,,,,,,,,,,,,
6,1.1.7.01.01.10,ISI TABUNG GAS,,,,,,,,,,,,,,,,,,,,,,,
6,1.1.7.01.01.11,BAHAN/BIBT TERNAK/BIBIT IKAN,,,,,,,,,,,,,,,,,,,,,,,
6,1.1.7.01.01.12,BAHAN LAINNYA,,,,,,,,,,,,,,,,,,,,,,,
5,1.1.7.01.02,SUKU CADANG,,,,,,,,,,,,,,,,,,,,,,,
6,1.1.7.01.02.01,SUKU CADANG ALAT ANGKUTAN,,,,,,,,,,,,,,,,,,,,,,,
6,1.1.7.01.02.02,SUKU CADANG ALAT BESAR,,,,,,,,,,,,,,,,,,,,,,,
6,1.1.7.01.02.03,SUKU CADANG ALAT KEDOKTERAN,,,,,,,,,,,,,,,,,,,,,,,
6,1.1.7.01.02.04,SUKU CADANG ALAT LABORATORIUM,,,,,,,,,,,,,,,,,,,,,,,
6,1.1.7.01.02.05,SUKU CADANG ALAT PEMANCAR,,,,,,,,,,,,,,,,,,,,,,,
6,1.1.7.01.02.06,SUKU CADANG ALAT STUDIO DAN KOMUNIKASI,,,,,,,,,,,,,,,,,,,,,,,
6,1.1.7.01.02.07,SUKU CADANG ALAT PERTANIAN,,,,,,,,,,,,,,,,,,,,,,,
6,1.1.7.01.02.08,SUKU CADANG ALAT BENGKEL,,,,,,,,,,,,,,,,,,,,,,,
6,1.1.7.01.02.09,SUKU CADANG ALAT PERSENJATAAN,,,,,,,,,,,,,,,,,,,,,,,
6,1.1.7.01.02.10,PERSEDIAAN DARI BELANJA BANTUAN SOSIAL,,,,,,,,,,,,,,,,,,,,,,,
6,1.1.7.01.02.11,SUKU CADANG LAINNYA,,,,,,,,,,,,,,,,,,,,,,,
5,1.1.7.01.03,ALAT/BAHAN UNTUK KEGIATAN KANTOR,,,,,,,,,,,,,,,,,,,,,,,
6,1.1.7.01.03.01,ALAT TULIS KANTOR,,,,,,,,,,,,,,,,,,,,,,,
6,1.1.7.01.03.02,KERTAS DAN COVER,,,,,,,,,,,,,,,,,,,,,,,
6,1.1.7.01.03.03,BAHAN CETAK,,,,,,,,,,,,,,,,,,,,,,,
6,1.1.7.01.03.04,BENDA POS,,,,,,,,,,,,,,,,,,,,,,,
6,1.1.7.01.03.05,PERSEDIAAN DOKUMEN/ADMINISTRASI TENDER,,,,,,,,,,,,,,,,,,,,,,,
6,1.1.7.01.03.06,BAHAN KOMPUTER,,,,,,,,,,,,,,,,,,,,,,,
6,1.1.7.01.03.07,PERABOT KANTOR,,,,,,,,,,,,,,,,,,,,,,,
6,1.1.7.01.03.08,ALAT LISTRIK,,,,,,,,,,,,,,,,,,,,,,,
6,1.1.7.01.03.09,PERLENGKAPAN DINAS,,,,,,,,,,,,,,,,,,,,,,,
6,1.1.7.01.03.10,KAPORLAP DAN PERLENGKAPAN SATWA,,,,,,,,,,,,,,,,,,,,,,,
6,1.1.7.01.03.11,PERLENGKAPAN PENDUKUNG OLAH RAGA,,,,,,,,,,,,,,,,,,,,,,,
6,1.1.7.01.03.12,SUVENIR/CENDERA MATA,,,,,,,,,,,,,,,,,,,,,,,
6,1.1.7.01.03.13,ALAT/BAHAN UNTUK KEGIATAN KANTOR LAINNYA,,,,,,,,,,,,,,,,,,,,,,,
5,1.1.7.01.04,OBAT-OBATAN,,,,,,,,,,,,,,,,,,,,,,,
6,1.1.7.01.04.01,OBAT,,,,,,,,,,,,,,,,,,,,,,,
6,1.1.7.01.04.02,OBAT-OBATAN LAINNYA,,,,,,,,,,,,,,,,,,,,,,,
5,1.1.7.01.05,PERSEDIAAN UNTUK DIJUAL/DISERAHKAN,,,,,,,,,,,,,,,,,,,,,,,
6,1.1.7.01.05.01,PERSEDIAAN UNTUK DIJUAL/DISERAHKAN KEPADA MASYARAKAT,,,,,,,,,,,,,,,,,,,,,,,
6,1.1.7.01.05.02,PERSEDIAAN UNTUK DIJUAL/DISERAHKAN LAINNYA,,,,,,,,,,,,,,,,,,,,,,,
2,1.3,ASET TETAP,,,,,,,,,,,,,,,,,,,,,,,
3,1.3.2,PERALATAN DAN MESIN,,,,,,,,,,,,,,,,,,,,,,,
4,1.3.2.05,ALAT KANTOR DAN RUMAH TANGGA,,,,,,,,,,,,,,,,,,,,,,,
5,1.3.2.05.01,ALAT KANTOR LAINNYA,,,,,,,,,,,,,,,,,,,,,,,
6,1.3.2.05.01.01,MESIN KETIK,,,,,,,,,,,,,,,,,,,,,,,
7,1.3.2.05.01.01.001,Mesin Ketik Manual Portable (11-13 Inci),,,,,,,,,,,,,,,,,,,,,,,
7,1.3.2.05.01.01.002,Mesin Ketik Manual Standard (14-16 Inci),,,,,,,,,,,,,,,,,,,,,,,
7,1.3.2.05.01.01.003,Mesin Ketik Manual Langewagon (18-27 Inci),,,,,,,,,,,,,,,,,,,,,,,
7,1.3.2.05.01.01.004,Mesin Ketik Listrik,,,,,,,,,,,,,,,,,,,,,,,
7,1.3.2.05.01.01.005,Mesin Ketik Listrik Portable (11-13 Inci),,,,,,,,,,,,,,,,,,,,,,,
7,1.3.2.05.01.01.006,Mesin Ketik Listrik Standard (14-16 Inci),,,,,,,,,,,,,,,,,,,,,,,
7,1.3.2.05.01.01.007,Mesin Ketik Listrik Langewagon (18-27 Inci),,,,,,,,,,,,,,,,,,,,,,,
7,1.3.2.05.01.01.008,Mesin Ketik Elektronik/Elektrik,,,,,,,,,,,,,,,,,,,,,,,
7,1.3.2.05.01.01.009,Mesin Ketik Braille,,,,,,,,,,,,,,,,,,,,,,,
7,1.3.2.05.01.01.010,Mesin Phromosons,,,,,,,,,,,,,,,,,,,,,,,
7,1.3.2.05.01.01.011,Mesin Cetak Stereo Piper (Braille),,,,,,,,,,,,,,,,,,,,,,,
6,1.3.2.05.01.02,MESIN HITUNG/MESIN JUMLAH,,,,,,,,,,,,,,,,,,,,,,,
7,1.3.2.05.01.02.001,Mesin Hitung Manual,,,,,,,,,,,,,,,,,,,,,,,
7,1.3.2.05.01.02.002,Mesin Hitung Listrik,,,,,,,,,,,,,,,,,,,,,,,
7,1.3.2.05.01.02.003,Mesin Hitung Elektronik/Calculator,,,,,,,,,,,,,,,,,,,,,,,
7,1.3.2.05.01.02.004,Mesin Kas Register,,,,,,,,,,,,,,,,,,,,,,,
7,1.3.2.05.01.02.005,Abakus (Alat Hitung),,,,,,,,,,,,,,,,,,,,,,,
7,1.3.2.05.01.02.006,Blokycs (Mesin Hitung Braille),,,,,,,,,,,,,,,,,,,,,,,
7,1.3.2.05.01.02.007,Mesin Penghitung Uang,,,,,,,,,,,,,,,,,,,,,,,
7,1.3.2.05.01.02.008,Mesin Pembukuan,,,,,,,,,,,,,,,,,,,,,,,
7,1.3.2.05.01.02.009,Mesin Penghitung Kertas/Pita Cukai,,,,,,,,,,,,,,,,,,,,,,,
7,1.3.2.05.01.02.010,Mesin Absen (Time Recorder),,,,,,,,,,,,,,,,,,,,,,,
7,1.3.2.05.01.02.011,Mesin Kontrol Jaga,,,,,,,,,,,,,,,,,,,,,,,
6,1.3.2.05.01.03,ALAT REPRODUKSI (PENGGANDAAN),,,,,,,,,,,,,,,,,,,,,,,
7,1.3.2.05.01.03.001,Mesin Stensil Manual Folio,,,,,,,,,,,,,,,,,,,,,,,
7,1.3.2.05.01.03.002,Mesin Stensil Manual Double Folio,,,,,,,,,,,,,,,,,,,,,,,
7,1.3.2.05.01.03.003,Mesin Stensil Listrik Folio,,,,,,,,,,,,,,,,,,,,,,,
7,1.3.2.05.01.03.004,Mesin Stensil Listrik Double Folio,,,,,,,,,,,,,,,,,,,,,,,
7,1.3.2.05.01.03.005,Mesin Stensil Spiritus Manual,,,,,,,,,,,,,,,,,,,,,,,
7,1.3.2.05.01.03.006,Mesin Stensil Spiritus Listrik,,,,,,,,,,,,,,,,,,,,,,,
7,1.3.2.05.01.03.007,Mesin Fotocopy Folio,,,,,,,,,,,,,,,,,,,,,,,
7,1.3.2.05.01.03.008,Mesin Fotocopy Double Folio,,,,,,,,,,,,,,,,,,,,,,,
7,1.3.2.05.01.03.009,Mesin Fotocopy Electronic,,,,,,,,,,,,,,,,,,,,,,,
7,1.3.2.05.01.03.010,Mesin Thermoforn,,,,,,,,,,,,,,,,,,,,,,,
7,1.3.2.05.01.03.011,Mesin Fotocopy Lainnya,,,,,,,,,,,,,,,,,,,,,,,
7,1.3.2.05.01.03.012,Risograf,,,,,,,,,,,,,,,,,,,,,,,
7,1.3.2.05.01.03.013,Mesin Perekam Stensil Folio,,,,,,,,,,,,,,,,,,,,,,,
7,1.3.2.05.01.03.014,Mesin Perekam Stensil Double Folio,,,,,,,,,,,,,,,,,,,,,,,
7,1.3.2.05.01.03.015,Mesin Plate Folio,,,,,,,,,,,,,,,,,,,,,,,
7,1.3.2.05.01.03.016,Mesin Plate Double Folio,,,,,,,,,,,,,,,,,,,,,,,
6,1.3.2.05.01.04,ALAT PENYIMPAN PERLENGKAPAN KANTOR,,,,,,,,,,,,,,,,,,,,,,,
7,1.3.2.05.01.04.001,Lemari Besi/Metal,,,,,,,,,,,,,,,,,,,,,,,
7,1.3.2.05.01.04.002,Lemari Kayu,,,,,,,,,,,,,,,,,,,,,,,
7,1.3.2.05.01.04.003,Rak Besi,,,,,,,,,,,,,,,,,,,,,,,
7,1.3.2.05.01.04.004,Rak Kayu,,,,,,,,,,,,,,,,,,,,,,,
7,1.3.2.05.01.04.005,Filling Cabinet Besi,,,,,,,,,,,,,,,,,,,,,,,
7,1.3.2.05.01.04.006,Filling Cabinet Kayu,,,,,,,,,,,,,,,,,,,,,,,
7,1.3.2.05.01.04.007,Brankas,,,,,,,,,,,,,,,,,,,,,,,
7,1.3.2.05.01.04.008,Peti Uang/Cash Box/Coin Box,,,,,,,,,,,,,,,,,,,,,,,
7,1.3.2.05.01.04.009,Kardex Besi,,,,,,,,,,,,,,,,,,,,,,,
7,1.3.2.05.01.04.010,Kardex Kayu,,,,,,,,,,,,,,,,,,,,,,,
7,1.3.2.05.01.04.011,Rotary Filling,,,,,,,,,,,,,,,,,,,,,,,
7,1.3.2.05.01.04.012,Compact Rolling,,,,,,,,,,,,,,,,,,,,,,,
7,1.3.2.05.01.04.013,Buffet,,,,,,,,,,,,,,,,,,,,,,,
7,1.3.2.05.01.04.014,Mobile File,,,,,,,,,,,,,,,,,,,,,,,
7,1.3.2.05.01.04.015,Locker,,,,,,,,,,,,,,,,,,,,,,,
7,1.3.2.05.01.04.016,Roll Opek,,,,,,,,,,,,,,,,,,,,,,,
7,1.3.2.05.01.04.017,Tempat Menyimpan Gambar,,,,,,,,,,,,,,,,,,,,,,,
7,1.3.2.05.01.04.018,Kontainer,,,,,,,,,,,,,,,,,,,,,,,
7,1.3.2.05.01.04.019,Coin Box,,,,,,,,,,,,,,,,,,,,,,,
7,1.3.2.05.01.04.020,Lemari Display,,,,,,,,,,,,,,,,,,,,,,,
7,1.3.2.05.01.04.021,Water Proof Box,,,,,,,,,,,,,,,,,,,,,,,
7,1.3.2.05.01.04.022,Folding Container Box,,,,,,,,,,,,,,,,,,,,,,,
7,1.3.2.05.01.04.023,Box Truck,,,,,,,,,,,,,,,,,,,,,,,
7,1.3.2.05.01.04.024,Laci Box,,,,,,,,,,,,,,,,,,,,,,,
7,1.3.2.05.01.04.025,Lemari Katalog,,,,,,,,,,,,,,,,,,,,,,,
7,1.3.2.05.01.04.026,Lemari Sorok,,,,,,,,,,,,,,,,,,,,,,,
7,1.3.2.05.01.04.027,Lemari Kaca,,,,,,,,,,,,,,,,,,,,,,,
7,1.3.2.05.01.04.028,Lemari Makan,,,,,,,,,,,,,,,,,,,,,,,
6,1.3.2.05.01.05,ALAT KANTOR LAINNYA,,,,,,,,,,,,,,,,,,,,,,,
7,1.3.2.05.01.05.001,Narkotik Test,,,,,,,,,,,,,,,,,,,,,,,
7,1.3.2.05.01.05.002,CCTV - Camera Control Television System,,,,,,,,,,,,,,,,,,,,,,,
7,1.3.2.05.01.05.003,Papan Visual/Papan Nama,,,,,,,,,,,,,,,,,,,,,,,
7,1.3.2.05.01.05.004,Movitex Board,,,,,,,,,,,,,,,,,,,,,,,
7,1.3.2.05.01.05.005,White Board,,,,,,,,,,,,,,,,,,,,,,,
7,1.3.2.05.01.05.006,Alat Detektor Uang Palsu,,,,,,,,,,,,,,,,,,,,,,,
7,1.3.2.05.01.05.007,Alat Detektor Barang Terlarang/X Ray,,,,,,,,,,,,,,,,,,,,,,,
7,1.3.2.05.01.05.008,Copy Board/Electric White Board,,,,,,,,,,,,,,,,,,,,,,,
7,1.3.2.05.01.05.009,Peta,,,,,,,,,,,,,,,,,,,,,,,
7,1.3.2.05.01.05.010,Alat Penghancur Kertas,,,,,,,,,,,,,,,,,,,,,,,
7,1.3.2.05.01.05.011,Globe,,,,,,,,,,,,,,,,,,,,,,,
7,1.3.2.05.01.05.012,Mesin Absensi,,,,,,,,,,,,,,,,,,,,,,,
7,1.3.2.05.01.05.013,Dry Seal,,,,,,,,,,,,,,,,,,,,,,,
7,1.3.2.05.01.05.014,Fergulator,,,,,,,,,,,,,,,,,,,,,,,
7,1.3.2.05.01.05.015,Cream Polisher,,,,,,,,,,,,,,,,,,,,,,,
7,1.3.2.05.01.05.016,Mesin Perangko,,,,,,,,,,,,,,,,,,,,,,,
7,1.3.2.05.01.05.017,Check Writer,,,,,,,,,,,,,,,,,,,,,,,
7,1.3.2.05.01.05.018,Numerator,,,,,,,,,,,,,,,,,,,,,,,
7,1.3.2.05.01.05.019,Alat Pemotong Kertas,,,,,,,,,,,,,,,,,,,,,,,
7,1.3.2.05.01.05.020,Headmachine Besar,,,,,,,,,,,,,,,,,,,,,,,
7,1.3.2.05.01.05.021,Perforator Besar,,,,,,,,,,,,,,,,,,,,,,,
7,1.3.2.05.01.05.022,Alat Pencetak Label,,,,,,,,,,,,,,,,,,,,,,,
7,1.3.2.05.01.05.023,Overhead Projector,,,,,,,,,,,,,,,,,,,,,,,
7,1.3.2.05.01.05.024,Hand Metal Detector,,,,,,,,,,,,,,,,,,,,,,,
7,1.3.2.05.01.05.025,Walkman Detector,,,,,,,,,,,,,,,,,,,,,,,
7,1.3.2.05.01.05.026,Panel Pameran,,,,,,,,,,,,,,,,,,,,,,,
7,1.3.2.05.01.05.027,Alat Pengaman/Sinyal,,,,,,,,,,,,,,,,,,,,,,,
7,1.3.2.05.01.05.028,Board Modulux,,,,,,,,,,,,,,,,,,,,,,,
7,1.3.2.05.01.05.029,Porto Safe Travel Case,,,,,,,,,,,,,,,,,,,,,,,
7,1.3.2.05.01.05.030,Disk Prime,,,,,,,,,,,,,,,,,,,,,,,
7,1.3.2.05.01.05.031,Megashow,,,,,,,,,,,,,,,,,,,,,,,
7,1.3.2.05.01.05.032,White Board Electronic,,,,,,,,,,,,,,,,,,,,,,,
7,1.3.2.05.01.05.033,Laser Pointer,,,,,,,,,,,,,,,,,,,,,,,
7,1.3.2.05.01.05.034,Display,,,,,,,,,,,,,,,,,,,,,,,
7,1.3.2.05.01.05.035,Exhauster Form,,,,,,,,,,,,,,,,,,,,,,,
7,1.3.2.05.01.05.036,Rubu Mujayyab,,,,,,,,,,,,,,,,,,,,,,,
7,1.3.2.05.01.05.037,Elecric Dumper,,,,,,,,,,,,,,,,,,,,,,,
7,1.3.2.05.01.05.038,Mesin Teraan,,,,,,,,,,,,,,,,,,,,,,,
7,1.3.2.05.01.05.039,Mesin Laminating,,,,,,,,,,,,,,,,,,,,,,,
7,1.3.2.05.01.05.040,Penangkal Petir,,,,,,,,,,,,,,,,,,,,,,,
7,1.3.2.05.01.05.041,Stempel Timbul/Bulat,,,,,,,,,,,,,,,,,,,,,,,
7,1.3.2.05.01.05.042,Lamu-lampu Kristal,,,,,,,,,,,,,,,,,,,,,,,
7,1.3.2.05.01.05.043,LCD Projector/Infocus,,,,,,,,,,,,,,,,,,,,,,,
7,1.3.2.05.01.05.044,Flip Chart,,,,,,,,,,,,,,,,,,,,,,,
7,1.3.2.05.01.05.045,Binding Machine,,,,,,,,,,,,,,,,,,,,,,,
7,1.3.2.05.01.05.046,Softboard,,,,,,,,,,,,,,,,,,,,,,,
7,1.3.2.05.01.05.047,Alat Perekam Suara (Voice Pen),,,,,,,,,,,,,,,,,,,,,,,
7,1.3.2.05.01.05.048,Acces Control System,,,,,,,,,,,,,,,,,,,,,,,
7,1.3.2.05.01.05.049,Intruction Detector,,,,,,,,,,,,,,,,,,,,,,,
7,1.3.2.05.01.05.050,Monitor Panel With Mimic Board,,,,,,,,,,,,,,,,,,,,,,,
7,1.3.2.05.01.05.051,"Panic Button System, Alarm Indicator",,,,,,,,,,,,,,,,,,,,,,,
7,1.3.2.05.01.05.052,Pintu Elektrik (yang Memakai Akses),,,,,,,,,,,,,,,,,,,,,,,
7,1.3.2.05.01.05.053,Focusing Screen/Layar LCD Projector,,,,,,,,,,,,,,,,,,,,,,,
7,1.3.2.05.01.05.054,Alat Detektor Barang Terlarang,,,,,,,,,,,,,,,,,,,,,,,
7,1.3.2.05.01.05.055,Projector Spider Bracket,,,,,,,,,,,,,,,,,,,,,,,
7,1.3.2.05.01.05.056,Papan Gambar,,,,,,,,,,,,,,,,,,,,,,,
7,1.3.2.05.01.05.057,Bel,,,,,,,,,,,,,,,,,,,,,,,
7,1.3.2.05.01.05.058,Electric Pressing Machine,,,,,,,,,,,,,,,,,,,,,,,
7,1.3.2.05.01.05.059,Encapsulator (Jarasonic welder),,,,,,,,,,,,,,,,,,,,,,,
7,1.3.2.05.01.05.060,Deacidificator Unit (Non Aquas),,,,,,,,,,,,,,,,,,,,,,,
7,1.3.2.05.01.05.061,Full Automatic Leaf Caster,,,,,,,,,,,,,,,,,,,,,,,
7,1.3.2.05.01.05.062,Conservation Tools,,,,,,,,,,,,,,,,,,,,,,,
7,1.3.2.05.01.05.063,Board Stand,,,,,,,,,,,,,,,,,,,,,,,
7,1.3.2.05.01.05.064,Vacuum Freeze Dry Chamber,,,,,,,,,,,,,,,,,,,,,,,
7,1.3.2.05.01.05.065,Kotak Surat,,,,,,,,,,,,,,,,,,,,,,,
7,1.3.2.05.01.05.066,Gembok,,,,,,,,,,,,,,,,,,,,,,,
7,1.3.2.05.01.05.067,Compact Hand Projector,,,,,,,,,,,,,,,,,,,,,,,
7,1.3.2.05.01.05.068,Alat Sidik Jari,,,,,,,,,,,,,,,,,,,,,,,
7,1.3.2.05.01.05.069,Alat Penghancur Jarum,,,,,,,,,,,,,,,,,,,,,,,
7,1.3.2.05.01.05.070,Walkthrough/Portal Metal Detektor,,,,,,,,,,,,,,,,,,,,,,,
7,1.3.2.05.01.05.071,Handheld Trace Detector,,,,,,,,,,,,,,,,,,,,,,,
7,1.3.2.05.01.05.072,Alat Deteksi Pita Cukai Palsi/Video Spectral Comparator,,,,,,,,,,,,,,,,,,,,,,,
7,1.3.2.05.01.05.073,Mesin Packing/Strapping Machine,,,,,,,,,,,,,,,,,,,,,,,
7,1.3.2.05.01.05.074,Television Control Operational Lift,,,,,,,,,,,,,,,,,,,,,,,
7,1.3.2.05.01.05.075,Mesin Antrian,,,,,,,,,,,,,,,,,,,,,,,
7,1.3.2.05.01.05.076,Papan Nama Instansi,,,,,,,,,,,,,,,,,,,,,,,
7,1.3.2.05.01.05.077,Papan Pengumuman,,,,,,,,,,,,,,,,,,,,,,,
7,1.3.2.05.01.05.078,Papan Tulis,,,,,,,,,,,,,,,,,,,,,,,
7,1.3.2.05.01.05.079,Papan Absen,,,,,,,,,,,,,,,,,,,,,,,
7,1.3.2.05.01.05.080,Mesin Fogging,,,,,,,,,,,,,,,,,,,,,,,
7,1.3.2.05.01.05.081,Teralis,,,,,,,,,,,,,,,,,,,,,,,
7,1.3.2.05.01.05.082,Alat Penerjemah,,,,,,,,,,,,,,,,,,,,,,,
7,1.3.2.05.01.05.083,Alat Penghancur Plastik,,,,,,,,,,,,,,,,,,,,,,,
7,1.3.2.05.01.05.084,Proteksi Petir Terpadu,,,,,,,,,,,,,,,,,,,,,,,
7,1.3.2.05.01.05.085,Pakaian Toga,,,,,,,,,,,,,,,,,,,,,,,
7,1.3.2.05.01.05.086,Sirine,,,,,,,,,,,,,,,,,,,,,,,
7,1.3.2.05.01.05.087,Tongkal Pedel,,,,,,,,,,,,,,,,,,,,,,,
5,1.3.2.05.02,ALAT RUMAH TANGGA,,,,,,,,,,,,,,,,,,,,,,,
6,1.3.2.05.02.01,MEUBELAIR,,,,,,,,,,,,,,,,,,,,,,,
7,1.3.2.05.02.01.001,Meja Kerja Besi/Metal,,,,,,,,,,,,,,,,,,,,,,,
7,1.3.2.05.02.01.002,Meja Kerja Kayu,,,,,,,,,,,,,,,,,,,,,,,
7,1.3.2.05.02.01.003,Kursi Besi/Metal,,,,,,,,,,,,,,,,,,,,,,,
7,1.3.2.05.02.01.004,Kursi Kayu,,,,,,,,,,,,,,,,,,,,,,,
7,1.3.2.05.02.01.005,Sice,,,,,,,,,,,,,,,,,,,,,,,
7,1.3.2.05.02.01.006,Bangku Panjang Besi/Metal,,,,,,,,,,,,,,,,,,,,,,,
7,1.3.2.05.02.01.007,Bangku Panjang Kayu,,,,,,,,,,,,,,,,,,,,,,,
7,1.3.2.05.02.01.008,Meja Rapat,,,,,,,,,,,,,,,,,,,,,,,
7,1.3.2.05.02.01.009,Tempat Tidur Besi,,,,,,,,,,,,,,,,,,,,,,,
7,1.3.2.05.02.01.010,Tempat Tidur Kayu,,,,,,,,,,,,,,,,,,,,,,,
7,1.3.2.05.02.01.011,Meja Ketik,,,,,,,,,,,,,,,,,,,,,,,
7,1.3.2.05.02.01.012,Meja Telepon,,,,,,,,,,,,,,,,,,,,,,,
7,1.3.2.05.02.01.013,Meja Podium,,,,,,,,,,,,,,,,,,,,,,,
7,1.3.2.05.02.01.014,Meja Resepsionis,,,,,,,,,,,,,,,,,,,,,,,
7,1.3.2.05.02.01.015,Meja Marmer,,,,,,,,,,,,,,,,,,,,,,,
7,1.3.2.05.02.01.016,Meja Tambahan,,,,,,,,,,,,,,,,,,,,,,,
7,1.3.2.05.02.01.017,Meja Panjang,,,,,,,,,,,,,,,,,,,,,,,
7,1.3.2.05.02.01.018,Meja Bundar,,,,,,,,,,,,,,,,,,,,,,,
7,1.3.2.05.02.01.019,Meja Periksa Pasien,,,,,,,,,,,,,,,,,,,,,,,
7,1.3.2.05.02.01.020,Meja Obat,,,,,,,,,,,,,,,,,,,,,,,
7,1.3.2.05.02.01.021,Meja Kartu,,,,,,,,,,,,,,,,,,,,,,,
7,1.3.2.05.02.01.022,Meja Bayi,,,,,,,,,,,,,,,,,,,,,,,
7,1.3.2.05.02.01.023,Meja Sekolah,,,,,,,,,,,,,,,,,,,,,,,
7,1.3.2.05.02.01.024,Meja 1/2 Biro,,,,,,,,,,,,,,,,,,,,,,,
7,1.3.2.05.02.01.025,Kasur/Spring Bed,,,,,,,,,,,,,,,,,,,,,,,
7,1.3.2.05.02.01.026,Sketsel,,,,,,,,,,,,,,,,,,,,,,,
7,1.3.2.05.02.01.027,Meja Makan Besi,,,,,,,,,,,,,,,,,,,,,,,
7,1.3.2.05.02.01.028,Meja Makan Kayu,,,,,,,,,,,,,,,,,,,,,,,
7,1.3.2.05.02.01.029,Kursi Fiber Glass/Plastik,,,,,,,,,,,,,,,,,,,,,,,
7,1.3.2.05.02.01.030,Kursi Rapat,,,,,,,,,,,,,,,,,,,,,,,
7,1.3.2.05.02.01.031,Kursi Tamu,,,,,,,,,,,,,,,,,,,,,,,
7,1.3.2.05.02.01.032,Kursi Putar,,,,,,,,,,,,,,,,,,,,,,,
7,1.3.2.05.02.01.033,Kursi Biasa,,,,,,,,,,,,,,,,,,,,,,,
7,1.3.2.05.02.01.034,Bangku Sekolah,,,,,,,,,,,,,,,,,,,,,,,
7,1.3.2.05.02.01.035,Bangku Tunggu,,,,,,,,,,,,,,,,,,,,,,,
7,1.3.2.05.02.01.036,Kursi Lipat,,,,,,,,,,,,,,,,,,,,,,,
7,1.3.2.05.02.01.037,Bangku Injak,,,,,,,,,,,,,,,,,,,,,,,
7,1.3.2.05.02.01.038,Meja Cetakan,,,,,,,,,,,,,,,,,,,,,,,
7,1.3.2.05.02.01.039,Meja Komputer,,,,,,,,,,,,,,,,,,,,,,,
7,1.3.2.05.02.01.040,Pot Bunga,,,,,,,,,,,,,,,,,,,,,,,
7,1.3.2.05.02.01.041,Partisi,,,,,,,,,,,,,,,,,,,,,,,
7,1.3.2.05.02.01.042,Publik Astari (Pembatas Antrian),,,,,,,,,,,,,,,,,,,,,,,
7,1.3.2.05.02.01.043,Rak Sepatu (Alumunium),,,,,,,,,,,,,,,,,,,,,,,
7,1.3.2.05.02.01.044,Gantungan Jas,,,,,,,,,,,,,,,,,,,,,,,
7,1.3.2.05.02.01.045,Nakas,,,,,,,,,,,,,,,,,,,,,,,
7,1.3.2.05.02.01.046,Cubikal,,,,,,,,,,,,,,,,,,,,,,,
7,1.3.2.05.02.01.047,Workstation,,,,,,,,,,,,,,,,,,,,,,,
7,1.3.2.05.02.01.048,Sofa,,,,,,,,,,,,,,,,,,,,,,,
7,1.3.2.05.02.01.049,Meja Rias,,,,,,,,,,,,,,,,,,,,,,,
6,1.3.2.05.02.02,ALAT PENGUKUR WAKTU,,,,,,,,,,,,,,,,,,,,,,,
7,1.3.2.05.02.02.001,Jam Mekanis,,,,,,,,,,,,,,,,,,,,,,,
7,1.3.2.05.02.02.002,Jam Listrik,,,,,,,,,,,,,,,,,,,,,,,
7,1.3.2.05.02.02.003,Jam Elektronik,,,,,,,,,,,,,,,,,,,,,,,
7,1.3.2.05.02.02.004,Control Clock,,,,,,,,,,,,,,,,,,,,,,,
6,1.3.2.05.02.03,ALAT PEMBERSIH,,,,,,,,,,,,,,,,,,,,,,,
7,1.3.2.05.02.03.001,Mesin Penghisap Debu/Vacuum Cleaner,,,,,,,,,,,,,,,,,,,,,,,
7,1.3.2.05.02.03.002,Mesin Pel/Poles,,,,,,,,,,,,,,,,,,,,,,,
7,1.3.2.05.02.03.003,Mesin Pemotong Rumput,,,,,,,,,,,,,,,,,,,,,,,
7,1.3.2.05.02.03.004,Mesin Cuci,,,,,,,,,,,,,,,,,,,,,,,
7,1.3.2.05.02.03.005,Air Cleaner,,,,,,,,,,,,,,,,,,,,,,,
7,1.3.2.05.02.03.006,Alat Pembersih Salju,,,,,,,,,,,,,,,,,,,,,,,
6,1.3.2.05.02.04,ALAT PENDINGIN,,,,,,,,,,,,,,,,,,,,,,,
7,1.3.2.05.02.04.001,Lemari Es,,,,,,,,,,,,,,,,,,,,,,,
7,1.3.2.05.02.04.002,AC Sentral,,,,,,,,,,,,,,,,,,,,,,,
7,1.3.2.05.02.04.003,AC Window,,,,,,,,,,,,,,,,,,,,,,,
7,1.3.2.05.02.04.004,AC Split,,,,,,,,,,,,,,,,,,,,,,,
7,1.3.2.05.02.04.005,Portable Air Conditioner (Alat Pendingin),,,,,,,,,,,,,,,,,,,,,,,
7,1.3.2.05.02.04.006,Kipas Angin,,,,,,,,,,,,,,,,,,,,,,,
7,1.3.2.05.02.04.007,Exhaust Fan,,,,,,,,,,,,,,,,,,,,,,,
7,1.3.2.05.02.04.008,Cold Storage (Alat Pendingin),,,,,,,,,,,,,,,,,,,,,,,
7,1.3.2.05.02.04.009,Reach In Freezer,,,,,,,,,,,,,,,,,,,,,,,
7,1.3.2.05.02.04.010,Reach In Chiller,,,,,,,,,,,,,,,,,,,,,,,
7,1.3.2.05.02.04.011,Up Right Chiller/Freezer,,,,,,,,,,,,,,,,,,,,,,,
7,1.3.2.05.02.04.012,Cold Room Freezer,,,,,,,,,,,,,,,,,,,,,,,
7,1.3.2.05.02.04.013,Air Curtain,,,,,,,,,,,,,,,,,,,,,,,
7,1.3.2.05.02.04.014,Air Handling Unit,,,,,,,,,,,,,,,,,,,,,,,
6,1.3.2.05.02.05,ALAT DAPUR,,,,,,,,,,,,,,,,,,,,,,,
7,1.3.2.05.02.05.001,Kompor Listrik (Alat Dapur),,,,,,,,,,,,,,,,,,,,,,,
7,1.3.2.05.02.05.002,Kompor Gas (Alat Dapur),,,,,,,,,,,,,,,,,,,,,,,
7,1.3.2.05.02.05.003,Kompor Minyak,,,,,,,,,,,,,,,,,,,,,,,
7,1.3.2.05.02.05.004,Teko Listrik,,,,,,,,,,,,,,,,,,,,,,,
7,1.3.2.05.02.05.005,Rice Cooker (Alat Dapur),,,,,,,,,,,,,,,,,,,,,,,
7,1.3.2.05.02.05.006,Oven Listrik,,,,,,,,,,,,,,,,,,,,,,,
7,1.3.2.05.02.05.007,Rice Warmer,,,,,,,,,,,,,,,,,,,,,,,
7,1.3.2.05.02.05.008,Kitchen Set,,,,,,,,,,,,,,,,,,,,,,,
7,1.3.2.05.02.05.009,Tabung Gas,,,,,,,,,,,,,,,,,,,,,,,
7,1.3.2.05.02.05.010,Mesin Giling Bumbu,,,,,,,,,,,,,,,,,,,,,,,
7,1.3.2.05.02.05.011,Treng Air/Tandon Air/Toren,,,,,,,,,,,,,,,,,,,,,,,
7,1.3.2.05.02.05.012,Mesin Parutan Kelapa,,,,,,,,,,,,,,,,,,,,,,,
7,1.3.2.05.02.05.013,Kompor Kompresor,,,,,,,,,,,,,,,,,,,,,,,
7,1.3.2.05.02.05.014,Alat Pemanggang Roti/Sate,,,,,,,,,,,,,,,,,,,,,,,
7,1.3.2.05.02.05.015,Rak Piring Alumunium,,,,,,,,,,,,,,,,,,,,,,,
7,1.3.2.05.02.05.016,Alat Penyimpan Beras,,,,,,,,,,,,,,,,,,,,,,,
7,1.3.2.05.02.05.017,Panci,,,,,,,,,,,,,,,,,,,,,,,
7,1.3.2.05.02.05.018,Blender,,,,,,,,,,,,,,,,,,,,,,,
7,1.3.2.05.02.05.019,Mixer,,,,,,,,,,,,,,,,,,,,,,,
7,1.3.2.05.02.05.020,Oven Gas,,,,,,,,,,,,,,,,,,,,,,,
7,1.3.2.05.02.05.021,Presto Cooker,,,,,,,,,,,,,,,,,,,,,,,
7,1.3.2.05.02.05.022,Wonder Pan,,,,,,,,,,,,,,,,,,,,,,,
7,1.3.2.05.02.05.023,Mesin Giling Daging,,,,,,,,,,,,,,,,,,,,,,,
7,1.3.2.05.02.05.024,Heating Set,,,,,,,,,,,,,,,,,,,,,,,
7,1.3.2.05.02.05.025,Thermos Air,,,,,,,,,,,,,,,,,,,,,,,
6,1.3.2.05.02.06,ALAT RUMAH TANGGA LAINNYA (HOME USE),,,,,,,,,,,,,,,,,,,,,,,
7,1.3.2.05.02.06.001,Radio,,,,,,,,,,,,,,,,,,,,,,,
7,1.3.2.05.02.06.002,Televisi,,,,,,,,,,,,,,,,,,,,,,,
7,1.3.2.05.02.06.003,Video Cassette,,,,,,,,,,,,,,,,,,,,,,,
7,1.3.2.05.02.06.004,Tape Recorder (Alat Rumah Tangga Lainnya (Home Use)),,,,,,,,,,,,,,,,,,,,,,,
7,1.3.2.05.02.06.005,Amplifier,,,,,,,,,,,,,,,,,,,,,,,
7,1.3.2.05.02.06.006,Equalizer,,,,,,,,,,,,,,,,,,,,,,,
7,1.3.2.05.02.06.007,Loudspeaker,,,,,,,,,,,,,,,,,,,,,,,
7,1.3.2.05.02.06.008,Sound System,,,,,,,,,,,,,,,,,,,,,,,
7,1.3.2.05.02.06.009,Compact Disc,,,,,,,,,,,,,,,,,,,,,,,
7,1.3.2.05.02.06.010,Laser Disc,,,,,,,,,,,,,,,,,,,,,,,
7,1.3.2.05.02.06.011,Karaoke,,,,,,,,,,,,,,,,,,,,,,,
7,1.3.2.05.02.06.012,Wireless,,,,,,,,,,,,,,,,,,,,,,,
7,1.3.2.05.02.06.013,Megaphone,,,,,,,,,,,,,,,,,,,,,,,
7,1.3.2.05.02.06.014,Microphone,,,,,,,,,,,,,,,,,,,,,,,
7,1.3.2.05.02.06.015,Microphone Floor Stand,,,,,,,,,,,,,,,,,,,,,,,
7,1.3.2.05.02.06.016,Microphone Table Stand,,,,,,,,,,,,,,,,,,,,,,,
7,1.3.2.05.02.06.017,Mic Conference,,,,,,,,,,,,,,,,,,,,,,,
7,1.3.2.05.02.06.018,Unit Power Suply,,,,,,,,,,,,,,,,,,,,,,,
7,1.3.2.05.02.06.019,Step Up/Down (Alat Rumah Tangga Lainnya (Home Use)),,,,,,,,,,,,,,,,,,,,,,,
7,1.3.2.05.02.06.020,Stabilisator,,,,,,,,,,,,,,,,,,,,,,,
7,1.3.2.05.02.06.021,Camera Video,,,,,,,,,,,,,,,,,,,,,,,
7,1.3.2.05.02.06.022,Camera Film,,,,,,,,,,,,,,,,,,,,,,,
7,1.3.2.05.02.06.023,Tustel,,,,,,,,,,,,,,,,,,,,,,,
7,1.3.2.05.02.06.024,Mesin Jahit,,,,,,,,,,,,,,,,,,,,,,,
7,1.3.2.05.02.06.025,Timbangan Orang,,,,,,,,,,,,,,,,,,,,,,,
7,1.3.2.05.02.06.026,Timbangan Barang,,,,,,,,,,,,,,,,,,,,,,,
7,1.3.2.05.02.06.027,Alat Hiasan,,,,,,,,,,,,,,,,,,,,,,,
7,1.3.2.05.02.06.028,Lambang Garuda Pancasila,,,,,,,,,,,,,,,,,,,,,,,
7,1.3.2.05.02.06.029,Gambar Presiden/Wakil Presiden,,,,,,,,,,,,,,,,,,,,,,,
7,1.3.2.05.02.06.030,Lambang Korpri/Dharma Wanita,,,,,,,,,,,,,,,,,,,,,,,
7,1.3.2.05.02.06.031,Aquarium (Alat Rumah Tangga Lainnya (Home Use)),,,,,,,,,,,,,,,,,,,,,,,
7,1.3.2.05.02.06.032,Tiang Bendera,,,,,,,,,,,,,,,,,,,,,,,
7,1.3.2.05.02.06.033,Pataka,,,,,,,,,,,,,,,,,,,,,,,
7,1.3.2.05.02.06.034,Seterika,,,,,,,,,,,,,,,,,,,,,,,
7,1.3.2.05.02.06.035,Water Filter,,,,,,,,,,,,,,,,,,,,,,,
7,1.3.2.05.02.06.036,Tangga Alumunium,,,,,,,,,,,,,,,,,,,,,,,
7,1.3.2.05.02.06.037,Kaca Hias,,,,,,,,,,,,,,,,,,,,,,,
7,1.3.2.05.02.06.038,Dispenser,,,,,,,,,,,,,,,,,,,,,,,
7,1.3.2.05.02.06.039,Mimbar/Podium,,,,,,,,,,,,,,,,,,,,,,,
7,1.3.2.05.02.06.040,Gucci,,,,,,,,,,,,,,,,,,,,,,,
7,1.3.2.05.02.06.041,Tangga Hidrolik,,,,,,,,,,,,,,,,,,,,,,,
7,1.3.2.05.02.06.042,Palu Sidang,,,,,,,,,,,,,,,,,,,,,,,
7,1.3.2.05.02.06.043,Mesin Pengering Pakaian,,,,,,,,,,,,,,,,,,,,,,,
7,1.3.2.05.02.06.044,Lambang Instansi,,,,,,,,,,,,,,,,,,,,,,,
7,1.3.2.05.02.06.045,Lonceng/Genta,,,,,,,,,,,,,,,,,,,,,,,
7,1.3.2.05.02.06.046,Mesin Pemotong Keramik,,,,,,,,,,,,,,,,,,,,,,,
7,1.3.2.05.02.06.047,Coffe Maker,,,,,,,,,,,,,,,,,,,,,,,
7,1.3.2.05.02.06.048,Handy Cam,,,,,,,,,,,,,,,,,,,,,,,
7,1.3.2.05.02.06.049,Mesin Obras,,,,,,,,,,,,,,,,,,,,,,,
7,1.3.2.05.02.06.050,Mesin Potong Kain,,,,,,,,,,,,,,,,,,,,,,,
7,1.3.2.05.02.06.051,Mesin Pelubang Kancing,,,,,,,,,,,,,,,,,,,,,,,
7,1.3.2.05.02.06.052,Meja Potong,,,,,,,,,,,,,,,,,,,,,,,
7,1.3.2.05.02.06.053,Rader,,,,,,,,,,,,,,,,,,,,,,,
7,1.3.2.05.02.06.054,Manequin (Boneka),,,,,,,,,,,,,,,,,,,,,,,
7,1.3.2.05.02.06.055,Mini Compo,,,,,,,,,,,,,,,,,,,,,,,
7,1.3.2.05.02.06.056,Heater (Alat Rumah Tangga Lainnya (Home Use)),,,,,,,,,,,,,,,,,,,,,,,
7,1.3.2.05.02.06.057,Karpet,,,,,,,,,,,,,,,,,,,,,,,
7,1.3.2.05.02.06.058,Vertikal Blind,,,,,,,,,,,,,,,,,,,,,,,
7,1.3.2.05.02.06.059,Gordyin/Kray,,,,,,,,,,,,,,,,,,,,,,,
7,1.3.2.05.02.06.060,Asbak Tinggi,,,,,,,,,,,,,,,,,,,,,,,
7,1.3.2.05.02.06.061,Sun Screen,,,,,,,,,,,,,,,,,,,,,,,
7,1.3.2.05.02.06.062,Alat Pemanas Ruangan,,,,,,,,,,,,,,,,,,,,,,,
7,1.3.2.05.02.06.063,Lemari Plastik,,,,,,,,,,,,,,,,,,,,,,,
7,1.3.2.05.02.06.064,Mesin Pengering Tangan,,,,,,,,,,,,,,,,,,,,,,,
7,1.3.2.05.02.06.065,Panggung,,,,,,,,,,,,,,,,,,,,,,,
7,1.3.2.05.02.06.066,Mesin Pedding,,,,,,,,,,,,,,,,,,,,,,,
7,1.3.2.05.02.06.067,DVD Player,,,,,,,,,,,,,,,,,,,,,,,
7,1.3.2.05.02.06.068,Tangga,,,,,,,,,,,,,,,,,,,,,,,
7,1.3.2.05.02.06.069,Lampu,,,,,,,,,,,,,,,,,,,,,,,
7,1.3.2.05.02.06.070,Jemuran,,,,,,,,,,,,,,,,,,,,,,,
7,1.3.2.05.02.06.071,Patung Peraga Pakaian,,,,,,,,,,,,,,,,,,,,,,,
7,1.3.2.05.02.06.072,Gendola,,,,,,,,,,,,,,,,,,,,,,,
7,1.3.2.05.02.06.073,Alat Pangkas Rambut Listrik,,,,,,,,,,,,,,,,,,,,,,,
7,1.3.2.05.02.06.074,Bracket Standing Peralatan,,,,,,,,,,,,,,,,,,,,,,,
7,1.3.2.05.02.06.075,Tangki Air,,,,,,,,,,,,,,,,,,,,,,,
7,1.3.2.05.02.06.076,Home Theater,,,,,,,,,,,,,,,,,,,,,,,
6,1.3.2.05.02.07,ALAT PEMADAM KEBAKARAN,,,,,,,,,,,,,,,,,,,,,,,
5,1.3.2.05.03,MEJA DAN KURSI KERJA/RAPAT PEJABAT,,,,,,,,,,,,,,,,,,,,,,,
6,1.3.2.05.03.01,MEJA KERJA PEJABAT,,,,,,,,,,,,,,,,,,,,,,,
6,1.3.2.05.03.02,MEJA RAPAT PEJABAT,,,,,,,,,,,,,,,,,,,,,,,
6,1.3.2.05.03.03,KURSI KERJA PEJABAT,,,,,,,,,,,,,,,,,,,,,,,
6,1.3.2.05.03.04,KURSI RAPAT PEJABAT,,,,,,,,,,,,,,,,,,,,,,,
6,1.3.2.05.03.05,KURSI HADAP DEPAN MEJA KERJA PEJABAT,,,,,,,,,,,,,,,,,,,,,,,
6,1.3.2.05.03.06,KURSI TAMU DI RUANGAN PEJABAT,,,,,,,,,,,,,,,,,,,,,,,
6,1.3.2.05.03.07,LEMARI DAN ARSIP PEJABAT,,,,,,,,,,,,,,,,,,,,,,,
4,1.3.2.06,"ALAT STUDIO, KOMUNIKASI DAN PEMANCAR",,,,,,,,,,,,,,,,,,,,,,,.
5,1.3.2.06.01,ALAT STUDIO,,,,,,,,,,,,,,,,,,,,,,,
6,1.3.2.06.01.01,PERALATAN STUDIO AUDIO,,,,,,,,,,,,,,,,,,,,,,,
6,1.3.2.06.01.02,PERALATAN STUDIO VIDEO DAN FILM,,,,,,,,,,,,,,,,,,,,,,,
6,1.3.2.06.01.03,PERALATAN STUDIO GAMBAR,,,,,,,,,,,,,,,,,,,,,,,
6,1.3.2.06.01.04,PERALATAN CETAK,,,,,,,,,,,,,,,,,,,,,,,
6,1.3.2.06.01.05,PERALATAN STUDIO PEMETAAN/PERALATAN UKUR TANAH,,,,,,,,,,,,,,,,,,,,,,,
6,1.3.2.06.01.06,ALAT STUDIO LAINNYA,,,,,,,,,,,,,,,,,,,,,,,
5,1.3.2.06.02,ALAT KOMUNIKASI,,,,,,,,,,,,,,,,,,,,,,,
6,1.3.2.06.02.01,ALAT KOMUNIKASI TELEPHONE,,,,,,,,,,,,,,,,,,,,,,,
6,1.3.2.06.02.02,ALAT KOMUNIKASI RADIO SSB,,,,,,,,,,,,,,,,,,,,,,,
6,1.3.2.06.02.03,ALAT KOMUNIKASI RADIO HF/FM,,,,,,,,,,,,,,,,,,,,,,,
6,1.3.2.06.02.04,ALAT KOMUNIKASI RADIO VHF,,,,,,,,,,,,,,,,,,,,,,,
6,1.3.2.06.02.05,ALAT KOMUNIKASI RADIO UHF,,,,,,,,,,,,,,,,,,,,,,,
6,1.3.2.06.02.06,ALAT KOMUNIKASI SOSIAL,,,,,,,,,,,,,,,,,,,,,,,
6,1.3.2.06.02.07,ALAT-ALAT SANDI,,,,,,,,,,,,,,,,,,,,,,,
6,1.3.2.06.02.08,ALAT KOMUNIKASI KHUSUS,,,,,,,,,,,,,,,,,,,,,,,
6,1.3.2.06.02.09,ALAT KOMUNIKASI DIGITAL DAN KONVENSIONAL,,,,,,,,,,,,,,,,,,,,,,,
6,1.3.2.06.02.10,ALAT KOMUNIKASI SATELIT,,,,,,,,,,,,,,,,,,,,,,,
6,1.3.2.06.02.11,ALAT KOMUNIKASI LAINNYA,,,,,,,,,,,,,,,,,,,,,,,
5,1.3.2.06.03,PERALATAN PEMANCAR,,,,,,,,,,,,,,,,,,,,,,,
6,1.3.2.06.03.01,PERALATAN PEMANCAR MF/MW,,,,,,,,,,,,,,,,,,,,,,,
6,1.3.2.06.03.02,PERALATAN PEMANCAR HF/SW,,,,,,,,,,,,,,,,,,,,,,,
6,1.3.2.06.03.03,PERALATAN PEMANCAR VHF/FM,,,,,,,,,,,,,,,,,,,,,,,
6,1.3.2.06.03.04,PERALATAN PEMANCAR UHF,,,,,,,,,,,,,,,,,,,,,,,
6,1.3.2.06.03.05,PERALATAN PEMANCAR SHF,,,,,,,,,,,,,,,,,,,,,,,
6,1.3.2.06.03.06,PERALATAN ANTENA MF/MW,,,,,,,,,,,,,,,,,,,,,,,
6,1.3.2.06.03.07,PERALATAN ANTENA HF/SW,,,,,,,,,,,,,,,,,,,,,,,
6,1.3.2.06.03.08,PERALATAN ANTENA VHF/FM,,,,,,,,,,,,,,,,,,,,,,,
6,1.3.2.06.03.09,PERALATAN ANTENA UHF,,,,,,,,,,,,,,,,,,,,,,,
6,1.3.2.06.03.10,PERALATAN ANTENA SHF/PARABOLA,,,,,,,,,,,,,,,,,,,,,,,
6,1.3.2.06.03.11,PERALATAN TRANSLATOR VHF/VHF,,,,,,,,,,,,,,,,,,,,,,,
6,1.3.2.06.03.12,PERALATAN TRANSLATOR UHF/UHF,,,,,,,,,,,,,,,,,,,,,,,
6,1.3.2.06.03.13,PERALATAN TRANSLATOR VHF/UHF,,,,,,,,,,,,,,,,,,,,,,,
6,1.3.2.06.03.14,PERALATAN TRANSLATOR UHF/VHF,,,,,,,,,,,,,,,,,,,,,,,
6,1.3.2.06.03.15,PERALATAN MICROWAVE FPU,,,,,,,,,,,,,,,,,,,,,,,
6,1.3.2.06.03.16,PERALATAN MICROWAVE TERESTRIAL,,,,,,,,,,,,,,,,,,,,,,,
6,1.3.2.06.03.17,PERALATAN MICROWAVE TVRO,,,,,,,,,,,,,,,,,,,,,,,
6,1.3.2.06.03.18,PERALATAN DUMMY LOAD,,,,,,,,,,,,,,,,,,,,,,,
6,1.3.2.06.03.19,SWITCHER ANTENA,,,,,,,,,,,,,,,,,,,,,,,
6,1.3.2.06.03.20,SWITCHER/MENARA ANTENA,,,,,,,,,,,,,,,,,,,,,,,
6,1.3.2.06.03.21,FEEDER,,,,,,,,,,,,,,,,,,,,,,,
6,1.3.2.06.03.22,HUMIDITY CONTROL,,,,,,,,,,,,,,,,,,,,,,,
6,1.3.2.06.03.23,PROGRAM INPUT EQUIPMENT,,,,,,,,,,,,,,,,,,,,,,,
6,1.3.2.06.03.24,PERALATAN ANTENA PENERIMA VHF,,,,,,,,,,,,,,,,,,,,,,,
6,1.3.2.06.03.25,PERALATAN PEMANCAR LF,,,,,,,,,,,,,,,,,,,,,,,
6,1.3.2.06.03.26,UNIT PEMANCAR MF+HF,,,,,,,,,,,,,,,,,,,,,,,
6,1.3.2.06.03.27,PERALATAN ANTENA PEMANCAR MF+HF,,,,,,,,,,,,,,,,,,,,,,,
6,1.3.2.06.03.28,PERALATAN PENERIMA,,,,,,,,,,,,,,,,,,,,,,,
6,1.3.2.06.03.29,PERALATAN PEMANCAR DAN PENERIMA LF,,,,,,,,,,,,,,,,,,,,,,,
6,1.3.2.06.03.30,PERALATAN PEMANCAR DAN PENERIMA MF,,,,,,,,,,,,,,,,,,,,,,,
6,1.3.2.06.03.31,PERALATAN PEMANCAR DAN PENERIMA HF,,,,,,,,,,,,,,,,,,,,,,,
6,1.3.2.06.03.32,PERALATAN PEMANCAR DAN PENERIMA MF+HF,,,,,,,,,,,,,,,,,,,,,,,
6,1.3.2.06.03.33,PERALATAN PEMANCAR DAN PENERIMA VHF,,,,,,,,,,,,,,,,,,,,,,,
6,1.3.2.06.03.34,PERALATAN PEMANCAR DAN PENERIMA UHF,,,,,,,,,,,,,,,,,,,,,,,
6,1.3.2.06.03.35,PERALATAN PEMANCAR DAN PENERIMA SHF,,,,,,,,,,,,,,,,,,,,,,,
6,1.3.2.06.03.36,PERALATAN ANTENA PEMANCAR DAN PENERIMA LF,,,,,,,,,,,,,,,,,,,,,,,
6,1.3.2.06.03.37,PERALATAN ANTENA PEMANCAR DAN PENERIMA MF,,,,,,,,,,,,,,,,,,,,,,,
6,1.3.2.06.03.38,PERALATAN ANTENA PEMANCAR DAN PENERIMA HF,,,,,,,,,,,,,,,,,,,,,,,
6,1.3.2.06.03.39,PERALATAN ANTENA PEMANCAR DAN PENERIMA MF+HF,,,,,,,,,,,,,,,,,,,,,,,
6,1.3.2.06.03.40,PERALATAN ANTENA PEMANCAR DAN PENERIMA VHF,,,,,,,,,,,,,,,,,,,,,,,
6,1.3.2.06.03.41,PERALATAN ANTENA PEMANCAR DAN PENERIMA UHF,,,,,,,,,,,,,,,,,,,,,,,
6,1.3.2.06.03.42,PERALATAN ANTENA PEMANCAR DAN PENERIMA SHF,,,,,,,,,,,,,,,,,,,,,,,
6,1.3.2.06.03.43,PERALATAN PENERIMA CUACA CITRA SATELITE RESOLUSI RENDAH,,,,,,,,,,,,,,,,,,,,,,,
6,1.3.2.06.03.44,PERALATAN PENERIMA CUACA CITRA SATELITE RESOLUSI TINGGI,,,,,,,,,,,,,,,,,,,,,,,
6,1.3.2.06.03.45,PERALATAN PENERIMA DAN PENGIRIM GAMBAR KE PERMUKAAN,,,,,,,,,,,,,,,,,,,,,,,
6,1.3.2.06.03.46,PERALATAN PERLENGKAPAN RADIO,,,,,,,,,,,,,,,,,,,,,,,
6,1.3.2.06.03.47,SUMBER TENAGA,,,,,,,,,,,,,,,,,,,,,,,
6,1.3.2.06.03.48,PERALATAN PEMANCAR LAINNYA,,,,,,,,,,,,,,,,,,,,,,,
5,1.3.2.06.04,PERALATAN KOMUNIKASI NAVIGASI,,,,,,,,,,,,,,,,,,,,,,,
6,1.3.2.06.04.01,PERALATAN KOMUNIKASI NAVIGASI INSTRUMEN LANDING SYSTEM,,,,,,,,,,,,,,,,,,,,,,,
6,1.3.2.06.04.02,VERY HIGH FREQUENCE OMNI RANGE (VOR),,,,,,,,,,,,,,,,,,,,,,,
6,1.3.2.06.04.03,DISTANCE MEASURING EQUIPMENT (DME),,,,,,,,,,,,,,,,,,,,,,,
6,1.3.2.06.04.04,RADAR,,,,,,,,,,,,,,,,,,,,,,,
6,1.3.2.06.04.05,ALAT PENGATUR TELEKOMUNIKASI,,,,,,,,,,,,,,,,,,,,,,,
6,1.3.2.06.04.06,PERALATAN KOMUNIKASI UNTUK DOKUMENTASI,,,,,,,,,,,,,,,,,,,,,,,
6,1.3.2.06.04.07,PERALATAN KOMUNIKASI NAVIGASI LAINNYA,,,,,,,,,,,,,,,,,,,,,,,
4,1.3.2.10,KOMPUTER,,,,,,,,,,,,,,,,,,,,,,,
5,1.3.2.10.01,KOMPUTER UNIT,,,,,,,,,,,,,,,,,,,,,,,
6,1.3.2.10.01.01,KOMPUTER JARINGAN,,,,,,,,,,,,,,,,,,,,,,,
7,1.3.2.10.01.01.001,Mainframe (Komputer Jaringan),,,,,,,,,,,,,,,,,,,,,,,
7,1.3.2.10.01.01.002,Mini Komputer,,,,,,,,,,,,,,,,,,,,,,,
7,1.3.2.10.01.01.003,Local Area Network (LAN),,,,,,,,,,,,,,,,,,,,,,,
7,1.3.2.10.01.01.004,Internet,,,,,,,,,,,,,,,,,,,,,,,
7,1.3.2.10.01.01.005,Komputer Wedis,,,,,,,,,,,,,,,,,,,,,,,
7,1.3.2.10.01.01.006,Komputer Synergie,,,,,,,,,,,,,,,,,,,,,,,
7,1.3.2.10.01.01.007,PC Workstation,,,,,,,,,,,,,,,,,,,,,,,
6,1.3.2.10.01.02,PERSONAL KOMPUTER,,,,,,,,,,,,,,,,,,,,,,,
7,1.3.2.10.01.02.001,PC Unit,,,,,,,,,,,,,,,,,,,,,,,
7,1.3.2.10.01.02.002,Laptop,,,,,,,,,,,,,,,,,,,,,,,
7,1.3.2.10.01.02.003,Note Book,,,,,,,,,,,,,,,,,,,,,,,
7,1.3.2.10.01.02.004,Palm Top,,,,,,,,,,,,,,,,,,,,,,,
7,1.3.2.10.01.02.005,Code Breaker Super Komputer,,,,,,,,,,,,,,,,,,,,,,,
7,1.3.2.10.01.02.006,Thinclient,,,,,,,,,,,,,,,,,,,,,,,
7,1.3.2.10.01.02.007,Net Book,,,,,,,,,,,,,,,,,,,,,,,
7,1.3.2.10.01.02.008,Ultra Mobile PC,,,,,,,,,,,,,,,,,,,,,,,
7,1.3.2.10.01.02.009,Tablet PC,,,,,,,,,,,,,,,,,,,,,,,
6,1.3.2.10.01.03,KOMPUTER UNIT LAINNYA,,,,,,,,,,,,,,,,,,,,,,,
5,1.3.2.10.02,PERALATAN KOMPUTER,,,,,,,,,,,,,,,,,,,,,,,
6,1.3.2.10.02.01,PERALATAN MAINFRAME,,,,,,,,,,,,,,,,,,,,,,,
7,1.3.2.10.02.01.001,Card Reader (Peralatan Mainframe),,,,,,,,,,,,,,,,,,,,,,,
7,1.3.2.10.02.01.002,Magnetic Tape Unit (Peralatan Mainframe),,,,,,,,,,,,,,,,,,,,,,,
7,1.3.2.10.02.01.003,Floppy Disk Unit (Peralatan Mainframe),,,,,,,,,,,,,,,,,,,,,,,
7,1.3.2.10.02.01.004,Storage Modul Disk (Peralatan Mainframe),,,,,,,,,,,,,,,,,,,,,,,
7,1.3.2.10.02.01.005,Console Unit (Peralatan Mainframe),,,,,,,,,,,,,,,,,,,,,,,
7,1.3.2.10.02.01.006,CPU (Peralatan Mainframe),,,,,,,,,,,,,,,,,,,,,,,
7,1.3.2.10.02.01.007,Disk Pack (Peralatan Mainframe),,,,,,,,,,,,,,,,,,,,,,,
7,1.3.2.10.02.01.008,Hard Copy Console,,,,,,,,,,,,,,,,,,,,,,,
7,1.3.2.10.02.01.009,Serial Printer,,,,,,,,,,,,,,,,,,,,,,,
7,1.3.2.10.02.01.010,Line,,,,,,,,,,,,,,,,,,,,,,,
7,1.3.2.10.02.01.011,Plotter (Peralatan Mainframe),,,,,,,,,,,,,,,,,,,,,,,
7,1.3.2.10.02.01.012,Hard Disk,,,,,,,,,,,,,,,,,,,,,,,
7,1.3.2.10.02.01.013,Keyboard (Peralatan Mainframe),,,,,,,,,,,,,,,,,,,,,,,
7,1.3.2.10.02.01.014,Steamer,,,,,,,,,,,,,,,,,,,,,,,
7,1.3.2.10.02.01.015,Data Patch Panel,,,,,,,,,,,,,,,,,,,,,,,
7,1.3.2.10.02.01.016,Paper Tape Reader,,,,,,,,,,,,,,,,,,,,,,,
7,1.3.2.10.02.01.017,Panaboard,,,,,,,,,,,,,,,,,,,,,,,
6,1.3.2.10.02.02,PERALATAN MINI KOMPUTER,,,,,,,,,,,,,,,,,,,,,,,
7,1.3.2.10.02.02.001,Card Reader (Peralatan Mini Komputer),,,,,,,,,,,,,,,,,,,,,,,
7,1.3.2.10.02.02.002,Magnetic Tape Unit (Peralatan Mini Komputer),,,,,,,,,,,,,,,,,,,,,,,
7,1.3.2.10.02.02.003,Floppy Disk Unit (Peralatan Mini Komputer),,,,,,,,,,,,,,,,,,,,,,,
7,1.3.2.10.02.02.004,Storage Modul Disk (Peralatan Mini Komputer),,,,,,,,,,,,,,,,,,,,,,,
7,1.3.2.10.02.02.005,Console Unit (Peralatan Mini Komputer),,,,,,,,,,,,,,,,,,,,,,,
7,1.3.2.10.02.02.006,CPU (Peralatan Mini Komputer),,,,,,,,,,,,,,,,,,,,,,,
7,1.3.2.10.02.02.007,Disk Pack (Peralatan Mini Komputer),,,,,,,,,,,,,,,,,,,,,,,
7,1.3.2.10.02.02.008,Plotter (Peralatan Mini Komputer),,,,,,,,,,,,,,,,,,,,,,,
7,1.3.2.10.02.02.009,Scanner (Peralatan Mini Komputer),,,,,,,,,,,,,,,,,,,,,,,
7,1.3.2.10.02.02.010,Computer Compatible,,,,,,,,,,,,,,,,,,,,,,,
7,1.3.2.10.02.02.011,Viewer (Peralatan Mini Komputer),,,,,,,,,,,,,,,,,,,,,,,
7,1.3.2.10.02.02.012,Digitizer (Peralatan Mini Komputer),,,,,,,,,,,,,,,,,,,,,,,
7,1.3.2.10.02.02.013,Keyboard (Peralatan Mini Komputer),,,,,,,,,,,,,,,,,,,,,,,
7,1.3.2.10.02.02.014,Auto Switch/Data Switch,,,,,,,,,,,,,,,,,,,,,,,
7,1.3.2.10.02.02.015,Cut Sheet Feeder,,,,,,,,,,,,,,,,,,,,,,,
7,1.3.2.10.02.02.016,Speaker Komputer,,,,,,,,,,,,,,,,,,,,,,,
6,1.3.2.10.02.03,PERALATAN PERSONAL KOMPUTER,,,,,,,,,,,,,,,,,,,,,,,
7,1.3.2.10.02.03.001,CPU (Peralatan Personal Komputer),,,,,,,,,,,,,,,,,,,,,,,
7,1.3.2.10.02.03.002,Monitor,,,,,,,,,,,,,,,,,,,,,,,
7,1.3.2.10.02.03.003,Printer (Peralatan Personal Komputer),,,,,,,,,,,,,,,,,,,,,,,
7,1.3.2.10.02.03.004,Scanner (Peralatan Personal Komputer),,,,,,,,,,,,,,,,,,,,,,,
7,1.3.2.10.02.03.005,Plotter (Peralatan Personal Komputer),,,,,,,,,,,,,,,,,,,,,,,
7,1.3.2.10.02.03.006,Viewer (Peralatan Personal Komputer),,,,,,,,,,,,,,,,,,,,,,,
7,1.3.2.10.02.03.007,External,,,,,,,,,,,,,,,,,,,,,,,
7,1.3.2.10.02.03.008,Digitizer (Peralatan Personal Komputer),,,,,,,,,,,,,,,,,,,,,,,
7,1.3.2.10.02.03.009,Keyboard (Peralatan Personal Komputer),,,,,,,,,,,,,,,,,,,,,,,
7,1.3.2.10.02.03.010,CD Writer,,,,,,,,,,,,,,,,,,,,,,,
7,1.3.2.10.02.03.011,DVD Writer,,,,,,,,,,,,,,,,,,,,,,,
7,1.3.2.10.02.03.012,Firewire Card,,,,,,,,,,,,,,,,,,,,,,,
7,1.3.2.10.02.03.013,Capture Card,,,,,,,,,,,,,,,,,,,,,,,
7,1.3.2.10.02.03.014,LAN Card,,,,,,,,,,,,,,,,,,,,,,,
7,1.3.2.10.02.03.015,External CD/DVD Drive (ROM),,,,,,,,,,,,,,,,,,,,,,,
7,1.3.2.10.02.03.016,External Floppy Disk Drive,,,,,,,,,,,,,,,,,,,,,,,
7,1.3.2.10.02.03.017,External/Portable Hardisk,,,,,,,,,,,,,,,,,,,,,,,
6,1.3.2.10.02.04,PERALATAN JARINGAN,,,,,,,,,,,,,,,,,,,,,,,
7,1.3.2.10.02.04.001,Server,,,,,,,,,,,,,,,,,,,,,,,
7,1.3.2.10.02.04.002,Router,,,,,,,,,,,,,,,,,,,,,,,
7,1.3.2.10.02.04.003,Hub,,,,,,,,,,,,,,,,,,,,,,,
7,1.3.2.10.02.04.004,Modem,,,,,,,,,,,,,,,,,,,,,,,
7,1.3.2.10.02.04.005,Netware Interface External,,,,,,,,,,,,,,,,,,,,,,,
7,1.3.2.10.02.04.006,Repeater and Transciever,,,,,,,,,,,,,,,,,,,,,,,
7,1.3.2.10.02.04.007,Head Copy Terminal,,,,,,,,,,,,,,,,,,,,,,,
7,1.3.2.10.02.04.008,Rack Modem,,,,,,,,,,,,,,,,,,,,,,,
7,1.3.2.10.02.04.009,Card Punch,,,,,,,,,,,,,,,,,,,,,,,
7,1.3.2.10.02.04.010,Head Copy Printer,,,,,,,,,,,,,,,,,,,,,,,
7,1.3.2.10.02.04.011,Character Terminal,,,,,,,,,,,,,,,,,,,,,,,
7,1.3.2.10.02.04.012,Graphic Terminal,,,,,,,,,,,,,,,,,,,,,,,
7,1.3.2.10.02.04.013,Terminal,,,,,,,,,,,,,,,,,,,,,,,
7,1.3.2.10.02.04.014,Rak Server,,,,,,,,,,,,,,,,,,,,,,,
7,1.3.2.10.02.04.015,Firewall,,,,,,,,,,,,,,,,,,,,,,,
7,1.3.2.10.02.04.016,Switch Rak,,,,,,,,,,,,,,,,,,,,,,,
7,1.3.2.10.02.04.017,Wanscaller,,,,,,,,,,,,,,,,,,,,,,,
7,1.3.2.10.02.04.018,E-Mail Security,,,,,,,,,,,,,,,,,,,,,,,
7,1.3.2.10.02.04.019,Client Clearing House,,,,,,,,,,,,,,,,,,,,,,,
7,1.3.2.10.02.04.020,CAT 6 Cable,,,,,,,,,,,,,,,,,,,,,,,
7,1.3.2.10.02.04.021,Kabel UTP,,,,,,,,,,,,,,,,,,,,,,,
7,1.3.2.10.02.04.022,Wireless PCI Card,,,,,,,,,,,,,,,,,,,,,,,
7,1.3.2.10.02.04.023,Wireless Access Point,,,,,,,,,,,,,,,,,,,,,,,
7,1.3.2.10.02.04.024,Switch,,,,,,,,,,,,,,,,,,,,,,,
7,1.3.2.10.02.04.025,Hubbel UTP,,,,,,,,,,,,,,,,,,,,,,,
7,1.3.2.10.02.04.026,Access Point,,,,,,,,,,,,,,,,,,,,,,,
7,1.3.2.10.02.04.027,Rackmount,,,,,,,,,,,,,,,,,,,,,,,
7,1.3.2.10.02.04.028,KVM Keyboard Video Monitor,,,,,,,,,,,,,,,,,,,,,,,
7,1.3.2.10.02.04.029,Mobile Modem GSM/CDMA,,,,,,,,,,,,,,,,,,,,,,,
7,1.3.2.10.02.04.030,Network Cable Tester,,,,,,,,,,,,,,,,,,,,,,,
7,1.3.2.10.02.04.031,Jaringan Satpas,,,,,,,,,,,,,,,,,,,,,,,
7,1.3.2.10.02.04.032,NComputing,,,,,,,,,,,,,,,,,,,,,,,
6,1.3.2.10.02.05,PERALATAN KOMPUTER LAINNYA,,,,,,,,,,,,,,,,,,,,,,,
3,1.3.7,AKUMULASI PENYUSUTAN,,,,,,,,,,,,,,,,,,,,,,,
4,1.3.7.01,AKUMULASI PENYUSUTAN ALAT BESAR,,,,,,,,,,,,,,,,,,,,,,,
5,1.3.7.01.10,AKUMULASI PENYUSUTAN KOMPUTER,,,,,,,,,,,,,,,,,,,,,,,
6,1.3.7.01.10.01,AKUMULASI PENYUSUTAN KOMPUTER UNIT,,,,,,,,,,,,,,,,,,,,,,,
6,1.3.7.01.10.02,AKUMULASI PENYUSUTAN PERALATAN KOMPUTER,,,,,,,,,,,,,,,,,,,,,,,